K, 0, 3, public
K, 0, 2, class
I, 0, #, Product
P, 0, 50, {
I, 1, #, String
I, 1, #, name
P, 1, 63, ;
K, 2, 92, int
I, 2, #, cost
P, 2, 63, ;
K, 4, 3, public
I, 4, #, Product
P, 4, 54, (
I, 4, #, String
I, 4, #, name
P, 4, 61, ,
K, 4, 92, int
I, 4, #, cost
P, 4, 55, )
P, 4, 50, {
K, 5, 5, this
P, 5, 60, .
I, 5, #, name
O, 5, 73, =
I, 5, #, name
P, 5, 63, ;
K, 6, 5, this
P, 6, 60, .
I, 6, #, cost
O, 6, 73, =
I, 6, #, cost
P, 6, 63, ;
P, 7, 51, }
K, 9, 3, public
K, 9, 4, static
K, 9, 90, void
I, 9, #, main
P, 9, 54, (
I, 9, #, String
P, 9, 52, [
P, 9, 53, ]
I, 9, #, args
P, 9, 55, )
P, 9, 50, {
K, 10, 92, int
I, 10, #, pricelimit
O, 10, 73, =
I, 10, #, Integer
P, 10, 60, .
I, 10, #, parseInt
P, 10, 54, (
I, 10, #, args
P, 10, 52, [
N, 10, #, 0
P, 10, 53, ]
P, 10, 55, )
P, 10, 63, ;
I, 11, #, System
P, 11, 60, .
I, 11, #, out
P, 11, 60, .
I, 11, #, println
P, 11, 54, (
S, 11, #, "Products below "
O, 11, 80, +
I, 11, #, pricelimit
P, 11, 55, )
P, 11, 63, ;
I, 12, #, Product
P, 12, 52, [
P, 12, 53, ]
I, 12, #, prodlist
O, 12, 73, =
K, 12, 8, new
I, 12, #, Product
P, 12, 52, [
N, 12, #, 3
P, 12, 53, ]
P, 12, 63, ;
I, 13, #, prodlist
P, 13, 52, [
N, 13, #, 0
P, 13, 53, ]
O, 13, 73, =
K, 13, 8, new
I, 13, #, Product
P, 13, 54, (
S, 13, #, "potato"
P, 13, 61, ,
N, 13, #, 5
P, 13, 55, )
P, 13, 63, ;
I, 14, #, prodlist
P, 14, 52, [
N, 14, #, 1
P, 14, 53, ]
O, 14, 73, =
K, 14, 8, new
I, 14, #, Product
P, 14, 54, (
S, 14, #, "wine"
P, 14, 61, ,
N, 14, #, 47
P, 14, 55, )
P, 14, 63, ;
I, 15, #, prodlist
P, 15, 52, [
N, 15, #, 2
P, 15, 53, ]
O, 15, 73, =
K, 15, 8, new
I, 15, #, Product
P, 15, 54, (
S, 15, #, "honey"
P, 15, 61, ,
N, 15, #, 22
P, 15, 55, )
P, 15, 63, ;
K, 16, 7, for
P, 16, 54, (
I, 16, #, Product
I, 16, #, prod
P, 16, 62, :
I, 16, #, prodlist
P, 16, 55, )
P, 16, 50, {
K, 17, 92, int
I, 17, #, price
O, 17, 73, =
I, 17, #, prod
P, 17, 60, .
I, 17, #, cost
O, 17, 82, *
N, 17, #, 120
O, 17, 83, /
N, 17, #, 100
P, 17, 63, ;
K, 18, 6, if
P, 18, 54, (
I, 18, #, price
O, 18, 72, <
I, 18, #, pricelimit
P, 18, 55, )
P, 18, 50, {
I, 19, #, System
P, 19, 60, .
I, 19, #, out
P, 19, 60, .
I, 19, #, println
P, 19, 54, (
I, 19, #, prod
P, 19, 60, .
I, 19, #, name
P, 19, 55, )
P, 19, 63, ;
P, 20, 51, }
P, 21, 51, }
P, 22, 51, }
P, 23, 51, }
